Name,Mobile Number,Age,Date of Birth,Address,Country
Patricia Harris,620.100.3346x4324,56,07-01-2001,"207 Summer Port, Hernandezhaven, WA 21438",Kazakhstan
Susan Schneider,+1-567-468-2549x44810,23,13-07-1958,"7776 Campbell Corner Suite 443, Garrettfurt, LA 00917",Sri Lanka
David Bryant,545.119.6556x2381,59,18-03-1961,"Unit 8294 Box 5668, DPO AE 51632",Singapore
Trevor Patel,(654)380-3902x99564,52,07-11-2003,"Unit 5180 Box 9239, DPO AA 90879",Guyana
Tiffany Anderson,238.604.7284,28,06-05-2005,"18688 Megan Lake Suite 018, East Ryanton, MS 17486",Liberia
Crystal Hart,001-115-372-0646x330,72,22-07-1974,"8794 Derek Bypass Suite 216, South Davidmouth, AL 75808",Timor-Leste
Sandra Russell,001-508-668-5595x2350,75,08-01-1964,"USS Rios, FPO AP 52496",Switzerland
Carol Brown,203.296.2513x537,30,02-06-1956,"1920 Randall Terrace, Powerstown, VT 72075",Greece
Richard Jimenez,001-273-367-2541x48849,28,06-07-1995,"32166 Travis Estate, Amandaland, IN 71288",Afghanistan
Jordan Clark,484.170.5901,50,06-02-1977,"89496 Thomas Ports Apt. 765, Mccarthyview, NE 09508",Vietnam
Megan Brown,095.892.5678,39,25-06-1974,"60972 Debra Light, Masonside, NC 33947",Grenada
Heather Daniels,105.376.3398x4255,33,08-10-1956,"882 Hunt Crossroad, Ericaborough, NY 06699",Guernsey
Caroline Davidson,001-715-567-3784,18,16-03-2006,"085 Frey Locks, West Hannah, MO 48841",Dominican Republic
Charles Armstrong,641.902.6652x793,62,26-12-1970,"459 Trevino Orchard Apt. 878, East Georgeburgh, WV 27257",Ghana
Alexander Bass,199-741-1626,42,01-04-1959,"0101 Howard Center Suite 533, Jenniferborough, DC 98909",Zambia
Jesse Marsh,+1-718-974-9434x925,26,25-11-1989,"84738 Miller Overpass, Jasonville, AZ 37884",Namibia
Jacob Davis,5062295309,42,10-08-1978,"644 Lori Crescent Apt. 625, West Jessica, SC 14270",Qatar
Kelly Vega,001-103-320-0852x78324,27,05-01-1971,"1997 Mcintyre Junctions, Stoutburgh, VA 77864",Lithuania
Sarah Saunders,726.849.4781,65,31-03-1987,"6891 Cruz Mills Suite 241, Lake Heidi, MA 75458",Iran
Craig Lopez,541-248-6655,50,31-05-1974,"738 Michelle Harbors, South Shelby, NV 09296",Kenya
Whitney Burns,(059)674-9885,39,11-03-1970,"756 Jon Green, Nicholasmouth, NY 47123",Moldova
Mark Smith,653.906.5975,59,20-05-1945,"USNS Johnston, FPO AE 75204",Cayman Islands
Cody Cook,(655)652-6115x397,56,25-06-1954,"PSC 8028, Box 1968, APO AE 72439",Turks and Caicos Islands
Allison Baldwin,318-399-5948x64316,40,28-10-1983,"7471 Danielle Rapids, Adamland, AR 76958",Macao
Sandra Warner,001-461-528-9638x9534,79,05-09-2006,"0577 Matthew Lake, Lake Laura, VA 91571",Saint Martin
Jordan Griffin,+1-588-757-2338x51883,79,23-01-1957,"15431 Romero Mountain, Sarahhaven, MS 66630",Zimbabwe
Randall Bryant,(234)644-9303,58,23-06-1971,"175 Watson Mission Apt. 204, West Pamelaside, WA 44127",Guinea-Bissau
William Carpenter,1892191774,49,02-12-1971,"701 Smith Path Suite 374, Travisport, NV 83197",Uruguay
Lisa Miranda,056-213-6132x3922,67,01-03-1966,"6595 Gonzalez Trace Apt. 007, Tracybury, MS 72543",Nauru
Patrick Mooney,722.359.5053,19,21-08-1981,"4524 Thomas Union, New Jeffrey, IN 03338",Mali
Mark Holmes,(673)714-0498,37,04-07-1994,"439 Frazier Flat, Joelstad, OR 02214",Western Sahara
Ashley Livingston,+1-035-127-9208x976,26,27-11-1958,"6947 Matthew Mount, Snydermouth, WA 08117",Hong Kong
Jamie Cortez,-6363,52,12-07-1996,"125 Robles Dale, North Erinborough, NY 93699",Tonga
Crystal Beck,+1-125-916-3708x2053,30,19-12-1989,"6601 Jasmine Inlet Suite 793, Baileyton, HI 98117",United Kingdom
Cindy Alexander,303490465,18,14-11-2002,"377 Watson Drive Suite 796, North Sarah, LA 46646",Jamaica
Lori Bowers,004-486-3825x6138,45,01-03-1994,"30611 Lewis Street Apt. 739, Wilsonburgh, CA 85616",Saint Martin
Samantha Rodriguez,683.936.5101x927,22,09-04-1952,"87073 Harrington Shore Apt. 967, Maddenmouth, NJ 99267",Burkina Faso
Brian Williams,1874824633,57,25-02-2006,"8807 Francisco View, Andrewsland, ID 50239",Cocos (Keeling) Islands
Michelle Townsend,(032)256-1238x85757,58,13-07-1965,"75474 Knox Spurs Apt. 467, Wolffort, AL 59852",Zambia
Rachel May,090.391.1493x7105,73,28-12-1982,"0110 Jessica Station Apt. 337, Dawnburgh, IN 61491",Dominica
Steven Carson,833.138.8362x91162,62,25-05-1972,"748 Powell Throughway, Lyonstown, NC 78572",Swaziland
Tamara Norman,9324467600,54,04-01-1992,"Unit 6867 Box 9797, DPO AA 79884",Pitcairn Islands
Melvin Potter,(994)544-1586x24049,76,28-09-1989,"66520 Thompson Mountains Apt. 329, East Samuelville, SC 95098",Serbia
Tonya Fox,372.137.7673,78,19-10-1990,"9481 Cox Vista, New Nancyfort, VT 25574",Saint Kitts and Nevis
Seth Kidd,(659)321-1547,34,09-06-1983,"2924 Darrell Row, Reynoldsshire, DE 62311",Finland
Daniel Phillips,369-116-0841x6620,43,17-06-1963,"77576 Jackson Land, New Jonathanhaven, WI 49581",Switzerland
Henry Yates,001-356-196-2518x2578,26,07-04-1985,"USNS Carroll, FPO AE 34902",Bolivia
Maureen Green,442.936.9127x095,68,19-01-1990,"6400 Campbell Plaza Apt. 807, Blaketon, KY 98578",Dominica
Richard White,-7976,78,02-02-2003,"0939 Amy Motorway, South Rebecca, MS 93916",Cayman Islands
Alexander Powell,9994989656,72,25-05-1969,"USNV Barber, FPO AE 38987",Guadeloupe
Tonya Moreno,(267)981-7105x2427,62,30-07-1948,"4839 David View, Zavalatown, KY 28013",Djibouti
Brian Long,001-345-114-0649,69,20-10-1976,"60455 Kevin Green, Fowlerhaven, HI 06617",Angola
Kyle Sellers,393.042.8122x984,79,20-02-1952,"0134 Erin Green, Tammyton, VT 37041",Korea
Brenda Smith,(011)399-3267,56,21-01-1949,"23324 Cole Hollow Apt. 949, West Jaredfurt, IL 92739",Brunei Darussalam
Cheryl Buck,(353)224-2005,76,21-03-1954,"4855 Matthew Point Apt. 319, South Jamesland, NE 76917",Singapore
Paul Parker,(177)410-3006x6943,23,10-11-1959,"02971 Christopher Circles Apt. 089, South Amanda, WV 62020",Iran
Walter Hicks,896-885-0794x90220,42,09-08-1966,"Unit 8803 Box 7705, DPO AP 64640",Saudi Arabia
Mary Camacho,(543)607-0000,19,11-03-1976,"315 Ryan Mountain Suite 635, South Andrewside, SC 95366",Brazil
Teresa Gillespie,001-567-307-2899x529,56,15-01-1948,"796 Sarah Corner Suite 844, Phamfort, VA 67267",Palau
Emily Dixon,4498022045,18,13-06-1978,"95464 Wilkins Meadow Suite 566, West Julie, AZ 00505",China
Steven Bryant,+1-558-484-4718x3954,72,24-02-1969,"13199 Ross Pines, Nataliefort, HI 26527",Cyprus
Amy Compton,640.773.1807x6414,48,01-10-1994,"907 Laura Gardens Apt. 868, Dianaburgh, ME 85591",Australia
Jonathan Webb,548.168.5105x6965,56,18-03-1980,"81394 Gardner Dale Apt. 293, Lake Richard, KS 25246",Netherlands Antilles
Michael Jordan,001-956-178-3110,66,15-12-1944,"575 Andrews Points, Lake Scottburgh, IL 40305",Mali
Thomas Meyer,922.044.1337,50,02-04-1962,"16787 Harris Isle Suite 994, Port Andreabury, OK 35236",Australia
Donna Phillips,+1-123-635-1753x84411,23,23-03-1978,"476 Christine Way, Perezland, WA 01762",Sri Lanka
Cynthia Tran,001-657-743-2086x882,28,04-11-1995,"0809 Randy Vista, North William, NH 48927",Liberia
Melanie Coleman,4312863591,70,27-07-1957,"9721 Newman Brook Apt. 254, West Christophertown, LA 46454",Samoa
Tara Flores,178-562-4471x853,68,07-06-1976,"756 Garcia Knolls Apt. 185, Millerland, MT 58122",Angola
Jennifer Sparks,524-105-4430x124,34,27-08-1951,"756 Hannah Throughway Suite 230, Ruthside, MS 54806",Wallis and Futuna
Jose Torres,531.492.4397x038,71,26-06-2001,"54828 Ball Burgs, Beckershire, LA 61697",Zimbabwe
Todd Martinez,(056)940-0199x096,76,01-05-1966,"2240 Smith Village Suite 241, South Brandonburgh, ND 83637",Togo
Nicole Pope,+1-144-849-2556x9933,19,15-12-1954,"PSC 3791, Box 9832, APO AA 86145",Liechtenstein
Katherine Brown,001-628-879-0769,71,04-09-1963,"5112 Susan Isle Suite 714, Reynoldsmouth, OK 50801",Syrian Arab Republic
Tamara Nichols,377.939.7199,19,03-07-1984,"04486 Nancy Trail, Farrellstad, NY 04357",Senegal
Jessica Hunt,456-858-6584,25,27-09-1957,"1250 Rebecca Mountain, East Glennburgh, OR 60515",Bhutan
Jennifer Pierce,671-745-6818x298,77,04-08-1990,"9299 Rachel Green, Pamberg, KY 57941",Sweden
Kyle Jones,1734012501,31,09-04-1983,"9418 Foster Curve Apt. 697, Susanbury, MS 24112",Saint Kitts and Nevis
Sara Francis,001-789-109-0273x307,53,21-11-1983,"PSC 6012, Box 8544, APO AA 24764",India
David Bishop,023-492-5276,48,19-09-1947,"4177 Jason Brooks Suite 768, Lake Kelly, IL 12066",Palestinian Territory
Vernon Andrade,506-594-2453x3218,55,26-08-1980,"017 David River, West Jeffreyton, VT 72821",Mauritania
Brian Craig,044.231.8071x0026,73,27-11-1992,"8874 Harris Walk, Port Julie, NC 68970",Bosnia and Herzegovina
Audrey Knox,368-525-7136x2022,69,30-07-2006,"073 Sarah Groves, New Katiemouth, MT 36702",Oman
Phyllis Perez,001-070-730-1352x1555,69,30-07-1995,"95055 Patrick Neck Suite 983, Mendozamouth, OR 32680",China
Crystal Garner,(489)569-1071,74,20-12-1969,"0928 Rebecca Point Apt. 044, Michaelfurt, MI 54177",Iraq
John Church,001-291-651-3281x76460,51,09-07-1948,"28792 Shelby Land, Robinburgh, GA 37924",Albania
Shannon Harrison,070-650-0298,50,05-07-1997,"USNS Burns, FPO AP 71862",Cameroon
Samantha Mays,058.412.4965,62,12-05-2003,"844 Davis Walks Suite 569, Katrinachester, SC 60211",Moldova
Kathy Brown,2475464350,35,19-03-1945,"532 Davis Knolls, South Timothy, DE 98395",Nicaragua
Jacqueline Harrington,558.370.0233x7245,61,21-03-1946,"10045 Brian Island Suite 669, Brittanyland, DC 65190",Malawi
Lauren Martin,487.490.6527x4746,62,16-12-1958,"1241 Sherry Point, Harrisfort, MO 34430",Indonesia
Brian Davidson,781034144,68,29-09-1958,"5531 Edwards Brook Suite 415, South John, PA 48094",Austria
Laura Rojas,(250)322-1697x1266,68,23-11-1999,"860 Sandra Trail Suite 905, East Erikbury, WA 59784",Belarus
Cassandra Wolfe,538-652-6171x904,58,21-12-1951,"994 Alexandra Points, New Gwendolyn, WA 70582",Svalbard & Jan Mayen Islands
Eric Frye,(232)290-2141x413,67,27-11-1972,"0890 Walker Islands, Hudsonfurt, AR 02674",Djibouti
Patrick Wright,+1-634-876-4444x0539,64,01-02-1962,"357 Shawn Trail, East Mariefort, VT 29572",Luxembourg
Sarah Butler,581-722-5369,70,12-03-1946,"874 Jonathan Cove Suite 410, South Peter, NM 36864",Congo
Joshua Brock,001-168-410-0590x083,57,30-07-2003,"825 Woods Brook Suite 970, North Christopher, AR 67059",Isle of Man
Joyce Fisher,+1-444-938-8992x036,64,05-07-1985,"85103 House Rue Apt. 073, Port Christineside, RI 79731",Senegal
Brett Woodard,+1-385-996-2858x165,50,10-03-1984,"30000 Thompson Islands, Laurenbury, NM 71334",Nauru
Natalie Caldwell,+1-587-121-8098x662,63,06-02-1944,"217 Webb Court, East Leslie, AK 73842",Belize
Michelle Arellano,96593341,44,30-11-1984,"26917 Rivera Ranch, Charlesburgh, NJ 82352",Turks and Caicos Islands
Lisa Taylor,322-088-2693,70,08-02-1949,"1269 Walker Wells Suite 248, Woodsside, SC 74226",Israel
Kimberly Brown,570.160.6045x9400,21,14-12-1994,"090 Alexander Mission, North Evelyn, OR 11116",Nauru
Parker Schneider,920.544.1201x0390,25,04-02-1957,"77732 Laura Walks Suite 740, West Zachary, OH 82551",Faroe Islands
Sharon Golden,(796)722-8800,57,25-07-1956,"85163 Rivera Drives, Gardnerside, NC 55578",Bhutan
George Barnes,+1-429-707-4649x2384,55,16-04-1989,"PSC 3920, Box 5909, APO AA 84827",Falkland Islands (Malvinas)
Brent Obrien,355-840-5824x8246,18,03-06-2006,"8050 Kemp Center, South Jessica, AL 71250",Kiribati
Angela Zamora,+1-231-386-7436x30070,60,28-01-1958,"2901 Oliver Roads Apt. 982, North Marktown, KY 63225",Hong Kong
Nicholas Brooks,(937)107-5484,61,29-03-1977,"82365 Strickland Bypass Suite 934, North Veronica, WA 45796",Heard Island and McDonald Islands
Dr. Christina Valdez,(769)579-0903x698,64,22-10-1966,"279 Shannon Track, West Brittany, IL 67555",Liberia
Mr. Adam Hall MD,925.244.5349x37425,52,29-03-1989,"67554 Garcia Harbors Suite 018, New Ashley, PA 18584",Sweden
Keith Garcia,826.662.9186x71971,22,27-08-1965,"54851 Mariah Forge Suite 590, Perezfurt, MT 83406",Jamaica
Veronica Campbell,883.239.8253x94535,78,17-09-1999,"788 Mendez Inlet Suite 087, Parkerland, DE 29146",Albania
Nicholas Salazar,486.410.1963x2220,50,17-10-1988,"28593 Jackson Course, Alyssaside, GA 53247",Seychelles
Vanessa Foster,(933)303-1088,32,18-09-1993,"283 Henry Turnpike Suite 569, New Mark, IA 62447",Uganda
Brandon Humphrey,092-688-6664,74,10-07-1973,"Unit 1251 Box 0493, DPO AE 02697",Nigeria
Jeffery Wright,(610)372-1762x71000,79,06-08-1981,"580 David Street, Coxmouth, TX 13590",Anguilla
Kim Terrell,+1-874-068-1821x269,51,21-01-1975,"USNV Sanders, FPO AA 41224",Guernsey
Angela Krause,423-849-4176,48,27-07-2005,"USS Parker, FPO AA 24841",Gabon
Matthew Lester,(214)339-8683x235,55,15-10-1981,"USS Foster, FPO AE 75786",Mayotte
Elizabeth Warren,2968140551,76,30-06-2002,"3675 Ball Centers, Lake Carolyn, ME 51366",Marshall Islands
Christine Brooks,001-605-872-3623,20,02-08-1979,"Unit 5052 Box 6663, DPO AE 75505",Israel
Jaime Gaines,(283)655-6336x966,21,21-09-1974,"46070 Hutchinson Circles Suite 902, New Emmaberg, VA 01314",Western Sahara
Brian Pena,001-733-097-4841,49,13-03-1978,"4022 Carol Cape, Reedfurt, HI 04744",Cameroon
Troy Taylor,765.489.9319x0495,26,25-04-2001,"38521 Bates Freeway, East Kathleenville, NV 14916",Japan
Jamie Hampton,889-188-5042,49,26-12-1958,"10575 Teresa Cove Apt. 640, North Zacharyport, OK 27150",Central African Republic
Sabrina Brown,869-760-1945,36,13-09-1963,"931 Hawkins Squares, Justinview, RI 80116",Mauritius
Michael Cordova,(297)815-7528x14930,71,23-04-1993,"4084 Savannah Bypass Suite 100, Andrewport, HI 59871",Togo
Christopher Morales,605.980.8221,69,06-07-1951,"49802 Lisa Wall Apt. 508, Karenberg, CO 19008",United Arab Emirates
Marcus Medina,+1-531-549-8771x05292,76,29-01-2000,"729 Ortiz Inlet, Port Cynthia, AK 43173",Benin
Alan Stone,001-934-732-2463x7831,20,21-05-1995,"41800 Jasmine Points Apt. 012, Amychester, NY 51918",Benin
Kendra Johnson,001-579-245-8603x288,76,27-03-1955,"4793 Tammie Junction, Port Tiffany, HI 10948",Niue
Kenneth Brewer,141-515-2601x6673,47,03-12-1964,"583 Deborah View, South Kim, UT 01947",Korea
Fred Villa,(430)408-3088x2281,51,10-11-1956,"USNS Wheeler, FPO AE 87676",Djibouti
Colleen Mejia,+1-599-791-4396x9545,36,19-06-1952,"8282 Cook Fall, Duffyville, NY 08614",Mozambique
Jesse Blake,746.562.8623,37,19-09-1954,"888 Crawford Ports Apt. 758, Mooreside, MS 14229",Costa Rica
James Orr,3956038984,75,20-02-1961,"091 Kelly Forest, Port Holly, PA 48730",Papua New Guinea
Laura Caldwell,-10104,76,22-04-1971,"963 Cheryl Keys Apt. 210, North Reginastad, IA 81274",Mauritius
John Floyd,(401)293-9970,33,14-02-1948,"USNS Howard, FPO AE 65273",Liechtenstein
Leslie Pearson,5203036850,55,29-12-1946,"474 Wright Roads, Smithshire, WI 93179",Nigeria
Vanessa Melendez,+1-597-076-0941x35927,45,04-08-1981,"437 Phillips Mission, Joelside, WI 47613",Saudi Arabia
Terry Scott,(652)752-0941,37,12-09-1983,"4448 Gregory Fields, Pattersonburgh, FL 57274",Guadeloupe
Brandon Oconnor,824-252-2912x0632,60,27-10-1977,"605 David Knolls Suite 424, Port Vanessamouth, OR 99402",Western Sahara
Robyn Walters,681-092-3432x871,41,11-10-1971,"270 Allison Locks, Bakerfurt, TN 12735",Switzerland
John Lawson,411.244.1689,21,13-07-1974,"337 Lam Ports, Shannonport, OR 76658",Mauritius
Brad Dodson,(716)704-9173,78,04-09-1970,"6136 Stone Mountains Suite 803, Brownmouth, WI 97210",Nauru
Michael White,001-559-735-2414x144,37,15-11-1947,"29550 Erin Stream Suite 634, Lake Logan, OH 29930",Liechtenstein
Jose Davis,+1-669-939-5388x65439,72,08-07-1993,"USS Calhoun, FPO AP 02337",Bahamas
Alisha Wilson,359-109-5690,44,25-04-1957,"702 Sarah Square, Port Cody, AL 08042",Japan
Kristina Jackson,665.220.7359,25,06-01-1966,"7434 Harper Brook, New Michaelton, NM 25976",Switzerland
Lisa Dodson,001-985-154-8697x7206,65,06-08-1967,"0361 Ruiz Shore, South Brianton, SC 56176",Niue
David Gordon,001-959-154-8198x880,23,30-05-1962,"774 Allen Fork, Lisaland, VT 79473",Sweden
Patrick Melton,218.004.6285x308,18,13-07-1998,"05661 Thomas Stravenue Apt. 089, West Matthew, CO 14141",United States Virgin Islands
Heidi Zamora,(468)577-1390x49622,45,20-11-1961,"9979 Andersen Unions Apt. 505, South Mark, DE 90291",Tuvalu
Harold Gillespie,550.684.1546x1547,30,03-07-1981,"02782 Diaz Burgs, East Rachelfort, CA 63507",Benin
Chad Thompson,4436289481,70,22-10-1948,"575 Amanda Camp, Jeffreyberg, HI 66802",Vietnam
Kathleen Robertson,001-805-818-6049x09299,78,27-04-1978,"56936 Dominguez Bypass, Dunlaptown, IA 31045",Heard Island and McDonald Islands
Michelle Williams,001-376-753-0279x89419,50,01-08-1970,"9835 Baker Station, Port Brandonview, DC 67324",Taiwan
Patricia Mueller,+1-107-847-8115x357,20,09-03-1983,"Unit 7393 Box 9254, DPO AA 35186",Reunion
Ryan Riddle,(277)258-8110,19,03-12-1997,"3911 Wolfe Manor Apt. 555, Longhaven, PA 89146",Benin
Benjamin Cruz,(288)806-8471x1814,68,11-04-1987,"0342 Justin Pass, Port Christopher, IA 67718",United States Virgin Islands
James Vazquez,+1-522-517-9878x496,80,24-01-1946,"USS Robertson, FPO AP 27040",Barbados
Margaret Butler,001-105-672-1698x22239,59,15-06-1973,"1160 Fowler Valley, Ianside, WY 91693",Yemen
Stephen Ward,(312)927-1550,40,28-07-2000,"660 John Avenue Suite 909, New Cheryl, DC 31762",Austria
Andrew Hughes,152.133.7049,43,10-04-1967,"205 Andrea Branch, New Reginaldmouth, VA 27815",Jersey
Kayla Campbell,(385)498-7158,60,30-08-2006,"580 Nelson Rapids Apt. 738, North Catherinehaven, OH 35304",Kazakhstan
Kayla Holmes,102.333.3028x47666,72,26-04-1978,"9450 Mason View Apt. 305, Lake Gregoryport, AZ 11611",Mali
Hector Pope,420.932.9939,77,19-08-1985,"71463 Angela Curve Apt. 261, Brownport, MO 40202",Nicaragua
Sandra Bradford,001-460-588-0416,70,04-02-1980,"586 Harris Islands, Hollybury, NJ 95963",Mali
Jennifer Patel,001-149-383-3979x2262,46,21-02-1964,"8775 Tony Curve Suite 720, East Sandraton, ID 08786",Burundi
Debbie Palmer,301.360.4601,54,15-09-1983,"6931 Shelby Plain Suite 634, Patriciafurt, OR 91998",Czech Republic
Mrs. Ashley Jones,834.611.6180,53,09-12-1993,"37603 Christensen Estate, New Jonathanton, KS 01650",Cyprus
Joann Gould,+1-475-008-3891x82446,60,14-12-1984,"2786 Yvonne Tunnel Apt. 470, North Jeanfort, WA 06670",Swaziland
Jessica Burke,(251)160-3949x4622,26,07-12-1968,"632 Brooke Locks, Grantmouth, WY 63331",Uzbekistan
Karen Moon,+1-898-992-1742x52760,64,01-06-1999,"9642 Mills Green, Martinezview, KS 46153",Senegal
Kaylee Miller,665.478.6782,65,25-09-1967,"2627 Rita Prairie, New Jamesside, SD 41223",Sierra Leone
Nancy Ayala,001-553-524-0253x7659,28,09-01-1994,"662 Jessica Lock, South Natalie, PA 96867",South Africa
Jessica Dunn,021.479.6422,42,01-06-2006,"37581 Cook Mountain, Bradfort, IL 16263",Iran
Patricia Reynolds MD,+1-949-519-7369x4393,30,12-07-1953,"171 Medina Mountains, Spearsside, WA 44012",Korea
Joshua Parker,7831771354,66,27-04-1968,"59763 Fred Course Suite 704, East Stephaniebury, AK 82364",Dominican Republic
Molly Chan,906-394-7213,23,26-10-1950,"81947 Freeman Circles, Murphyton, WA 20265",Ghana
Robert Cisneros,7989927165,35,24-04-1991,"756 Darryl Pike, West Amandahaven, WI 26680",Latvia
Teresa Guerrero,353.911.4896,62,01-01-1945,"2621 Martin Junction, Port Thomas, MS 20692",Cameroon
Sheryl Payne,2372561221,54,08-12-1949,"Unit 4104 Box 3713, DPO AP 22067",Antarctica (the territory South of 60 deg S)
Destiny Klein,767.308.3797x815,79,09-02-1950,"4286 Lopez Unions, Millerton, WA 55477",Czech Republic
Rachel Brooks,(422)892-9020x2282,53,10-01-1987,"1560 Austin Gardens, East Jason, ID 69974",Saint Barthelemy
Samuel Andrews,001-807-875-5745x087,54,29-10-1983,"PSC 9220, Box 9557, APO AA 30910",Guadeloupe
Jimmy Johnson,001-052-585-7724x23273,64,21-07-2002,"299 Chung Burg, East Amyton, TX 38793",Eritrea
Chelsea Jefferson,6230757710,46,05-08-1992,"7220 Norman Pike Apt. 311, South Elizabeth, IL 60778",Iraq
Carol Smith,001-643-953-5157x50791,52,16-05-1963,"5414 Eaton Mountain Suite 631, East Thomasland, DC 70373",Singapore
Michael Martinez,876-479-1206,42,09-05-1946,"34706 Sandra Pike Suite 686, Port Dylanstad, IL 85661",Aruba
Jennifer Mcneil,655-955-3760x76876,29,17-11-1978,"680 Tommy Corner, Lynchview, MO 83713",Mayotte
Tristan Martinez,(794)826-6202,54,28-02-2003,"4172 Jennifer Locks, East Jason, VA 55511",Congo
Jennifer Whitehead,-2957,54,04-10-1958,"8710 Alicia Course Apt. 642, Jensenhaven, AR 75736",Guadeloupe
Taylor Scott,627-488-1728x2411,70,09-05-1974,"57578 Jorge Squares, Grahamville, WI 39975",Wallis and Futuna
Robert Riggs,601-914-8210,49,09-12-1980,"7972 Riley Key Suite 280, West Saraberg, PA 65000",United States Virgin Islands
Christina Yoder,386.888.9095x98707,51,19-08-1950,"6582 Campbell Villages, Brandistad, WY 83085",Argentina
Amy Conrad,+1-236-773-4961x4518,50,19-10-1992,"38490 Wells Glens Apt. 090, North Christinebury, HI 15443",Korea
Jesse Garcia,036-418-4638,66,01-07-1982,"8104 Victoria Mews Suite 316, Brianmouth, MI 21687",Sweden
Paula Harrell,(946)511-0416,40,06-11-2005,"Unit 8340 Box 9639, DPO AP 24173",Mauritania
Pam Jenkins,324.269.9566x822,47,16-07-1955,"Unit 5460 Box 8147, DPO AE 66268",Guinea
Amy Barnes MD,9044438811,39,02-03-1958,"90284 Price Grove, East Jamesville, CO 98154",Slovenia
Lynn Richardson,707-660-3603x1594,66,16-09-1949,"3514 Hernandez Mountain Suite 285, Stephenside, NE 26096",Costa Rica
Amanda Johnson,722.467.7405,55,14-07-1986,"88946 Cole Hollow, Port Michaelstad, NC 91849",Montenegro
Natasha Perez,745.847.0634,73,13-11-1962,"116 Sara Underpass Suite 927, Jamesmouth, NV 28939",Haiti
Stacey Miller,352-983-0191x733,63,21-12-1977,"31866 Henry Mill, Lake Dale, AZ 04189",New Caledonia
Lucas Gonzalez,321-049-3049x689,51,16-10-1964,"888 White Burg, Shaneville, SC 81154",Mauritius
Lisa King,059.151.1395x1256,38,02-12-1959,"187 Brittany Shores, North Angela, WA 43535",Qatar
Alexander Green,517.697.7261,26,15-07-1952,"1438 Joseph Passage, North Melanie, FL 65064",Canada
Jamie Nelson,167.135.7602x424,51,13-06-1999,"60479 Larry Plaza, East Sarah, NM 23070",Ireland
Samantha Thompson,(485)234-1249x4183,55,28-02-1966,"39008 Glass Roads, Lloydhaven, NE 48771",Kyrgyz Republic
Mr. Scott Peterson,(113)008-6772,74,10-02-1988,"3752 Victoria Landing, Katherineberg, RI 78082",Libyan Arab Jamahiriya
Alyssa Maldonado,958.911.1237,57,26-04-1975,"PSC 8934, Box 7401, APO AA 70413",Trinidad and Tobago
Darryl Jackson,+1-105-108-5781x84863,68,21-04-1973,"56809 Austin Rapid Suite 099, Ochoaville, AL 85577",Niger
Mitchell Barry,6437917288,73,24-12-1986,"65967 Jesse Vista Apt. 575, Johnsonbury, MD 72006",Colombia
April Clark,+1-895-454-8922x7589,64,11-11-1963,"018 Murphy Haven, Blairchester, MO 03873",Brazil
Michael Lowe,659-114-1902,41,16-08-1976,"33205 Little Tunnel Suite 149, Alexandriabury, DE 92190",Belarus
Jamie Rodriguez,5244604546,25,21-07-1962,"60624 Wagner Walk, East Christianshire, MD 16354",Northern Mariana Islands
Ryan Fernandez,920-730-8861x525,33,11-11-2005,"Unit 0738 Box 0246, DPO AP 31295",Serbia
Mario Johnson,128-868-8439,70,03-08-1962,"180 Steele Tunnel Suite 870, South Benjaminburgh, CO 20933",Dominica
Diana Sparks,-6143,77,05-04-1955,"Unit 6628 Box 1044, DPO AP 94198",Cocos (Keeling) Islands
Lindsay Thompson,+1-524-874-1007x5208,28,15-08-1979,"442 Flores Hill Suite 434, North Seth, LA 98881",Taiwan
Christopher Kaiser,944.751.9488x369,40,18-10-2000,"7046 Thompson Mountains, New Michaelville, DE 47882",Andorra
Shannon Miller,862-903-5658x7772,35,15-04-1951,"336 Tiffany Motorway, Chadfort, CO 55026",Peru
Rodney Dennis,745-093-5992x485,62,21-03-1999,"1635 Misty Landing, Christianfurt, SC 69387",Malawi
Stephen Sherman,339-055-2503x6601,28,06-01-1986,"8772 Thompson Glen, Mathewsville, WI 40614",Christmas Island
Wanda Gray,7975077862,79,08-09-2001,"9259 Matthew Port Suite 404, North Dawn, NJ 42993",Georgia
Michael Deleon,3269467716,54,25-02-1944,"328 Bennett Oval Suite 972, Jesusmouth, CA 23297",Romania
Robert Fisher,3958249172,62,05-06-1973,"66628 Brenda Locks, Johnsonhaven, MA 51578",Bhutan
Veronica Ruiz,001-101-922-0766x6024,41,24-06-2006,"9607 West Key, Heatherville, VT 04897",Aruba
Cheryl Rivera,(628)768-2252x2700,78,05-10-1974,"1920 Jennifer Lake, Davisstad, IL 76143",Thailand
Casey Levine,001-991-768-3249x11329,41,07-06-1990,"704 Drake Plaza, North Brandon, VT 48158",Taiwan
Caleb Smith,925-965-3440x2195,79,04-12-1981,"2978 Tammy Crossroad, Kennethmouth, MA 61967",Finland
Mercedes Marshall,156.269.9869x2198,31,27-07-1975,"540 Kane Forges Apt. 156, Stephenhaven, OH 20295",Botswana
Ryan Montgomery,+1-178-428-3855x15963,25,09-11-2005,"PSC 5433, Box 6543, APO AA 62445",Cape Verde
Nicholas Knight,466-246-4220,60,22-11-1985,"4614 Deborah Bypass Suite 227, Sullivanport, IN 89129",Argentina
Robert Lynch,866.126.1964x952,48,25-02-2003,"8870 Moody Locks Apt. 138, Goodwinville, SC 95320",Albania
Sarah Thompson DDS,-9728,38,01-09-1983,"064 Gill Motorway, Fletcherport, NE 74673",South Georgia and the South Sandwich Islands
Marie Franco,1326510360,80,22-08-1983,"395 Todd Center, Lake Steven, TN 70850",Dominican Republic
Steven Garcia,(034)691-4024x528,22,29-06-1947,"504 Christopher Knoll, Kimberlyhaven, MI 01490",Nepal
Brian Brooks,+1-054-026-3226x0579,47,01-02-1966,"68699 Palmer Squares, South Michael, ID 92111",Suriname
Katherine Smith,001-391-742-0163x03067,59,18-08-1968,"0688 Anderson Walk, Alicialand, IN 35656",New Caledonia
Robert Kim,438601924,41,01-04-1998,"40730 Barber Knolls Suite 836, Lake Kathy, TN 54434",Nauru
Timothy Green,-3805,45,17-09-1990,"610 Donald Harbors Apt. 111, Wangtown, LA 70555",Andorra
Melissa Hawkins,(270)722-2468,58,07-10-1964,"929 Wilson Springs Suite 298, East Jeffreyside, WY 55402",Uganda
Brenda Kent,347-319-6287,79,13-11-2006,"4727 Rachael Mountains, Jonesfort, MS 58767",Ghana
Courtney Harper,(770)311-4386x092,21,31-03-1954,"485 George Cliff Apt. 947, North Michelle, VT 30966",Saint Pierre and Miquelon
Philip Jordan,001-192-603-1059x41018,56,13-05-1996,"7271 Thompson Square, South Stephen, OR 60305",Suriname
Alexa Vaughan,+1-515-494-3510x9060,49,27-07-1953,"207 Alexander Skyway Suite 139, Port Ronald, KS 35173",Ethiopia
Sheila Brooks,001-527-522-0733x3928,62,27-08-1993,"86780 Marvin Junction Suite 987, Port Kennethville, VT 32098",Kyrgyz Republic
Ronald Thomas,+1-792-230-6872x7559,62,28-08-1984,"592 Phyllis Walks Apt. 071, Ruthside, NE 16198",Bahrain
Robert Burnett,647.819.3733x276,48,24-08-1998,"477 Jackie Radial, West Suzanneside, MI 99417",United States Virgin Islands
Zachary Singh,(902)675-0543x341,31,26-04-1997,"82894 Rodney Way Suite 930, West Deborah, NJ 65271",Montenegro
Jordan Ferguson,001-532-004-8026x96534,55,16-03-1947,"Unit 7616 Box 1182, DPO AE 03175",New Zealand
Colin Flores,459-628-5572,47,17-01-1948,"4252 Best Squares, Kimberlyfurt, PA 08334",Congo
Kelsey Johnson,479.871.7462,29,28-05-1969,"635 Paul Grove Apt. 653, South Shannonhaven, LA 79470",Japan
Kimberly Sanchez,6432570570,40,31-01-1986,"95284 Debbie Rapids Apt. 261, West Mark, ND 78812",Somalia
John Butler,(388)359-3666x99826,33,08-04-1974,"327 Cole Lodge, Rebeccaburgh, VA 12122",Croatia
Lori Davis,-3409,39,20-10-1991,"55952 Arnold Hills Suite 658, Port Stanleystad, OR 60882",Wallis and Futuna
Jessica Schultz,(978)927-9981x8691,78,21-12-1998,"9434 Peterson Hills Apt. 313, Melissafort, ID 63588",Ghana
Ryan Smith,823-519-0903,40,15-06-1998,"85260 Harris Centers Suite 620, West Davehaven, MI 15978",Sweden
Cynthia George,(631)735-8306x354,28,12-05-1951,"57042 Christopher Path Apt. 413, Bakermouth, DC 73646",Ethiopia
Kelsey Schneider,(137)113-8948,79,03-03-1958,"9101 Smith Island, New Matthewmouth, HI 90543",Papua New Guinea
Joshua Snyder,473-971-1848x10731,71,24-02-1978,"764 Willis Well Suite 112, Nguyenville, MO 18488",Ireland
Patricia White,(335)078-2680,27,06-11-1969,"8147 Houston Lodge, North Jamesview, ID 28542",Barbados
Sabrina Burke,3992717356,72,13-02-2004,"79463 Pena Fords Apt. 256, East Jose, VT 89282",Bahrain
Margaret Schwartz,(402)832-3000x1765,74,05-03-1955,"6231 Karen Drives Suite 151, Angelaborough, AZ 70163",Italy
John Kirk,(316)608-4806x0729,30,24-09-1971,"13018 Eric Walk Suite 638, Hortonview, SD 60655",Ecuador
Brittany Lopez,+1-555-456-5990x27112,66,02-10-1997,"5792 Jonathan Mall, East Michelle, ND 05044",Nauru
John Doyle,+1-525-136-8280x21668,47,28-06-1958,"69593 Beth Radial, New Jeremy, AK 23058",Gabon
Leah Foster,672-671-8060,65,24-07-1946,"92949 Martinez Loop Suite 762, Marioview, UT 89495",Burkina Faso
Steven Martin,894.937.9239,25,25-01-1966,"10623 Williams Island Apt. 011, Castanedatown, OH 97582",Holy See (Vatican City State)
Charles Rodriguez,001-460-543-1353x31604,44,28-03-1975,"027 Woodward Land, West Michaelmouth, MD 49886",Mauritania
Vanessa Lee,528.725.1895x36889,71,25-12-1972,"12927 Smith Forges Suite 509, Walkerside, GA 96769",Liberia
Michael Shannon,7251349059,59,14-01-1977,"911 Griffin Fort Suite 127, Lake Tamarahaven, MO 41089",Gabon
Lawrence Wilson,(606)210-4993,58,05-10-1990,"5174 Sandra Ramp Apt. 815, Lake Christopher, WY 47581",New Zealand
Alexis Mason,432-576-7155x699,21,03-12-2003,"153 Rowe Path, Danachester, ME 20074",Pitcairn Islands
Paul Moyer,167.406.8102,28,09-09-1953,"84850 Linda Islands Apt. 467, North Valerieport, WI 32256",Kuwait
Derrick Sheppard,(318)367-9877x44439,65,18-09-1965,"3189 Graham Orchard Apt. 024, Sarahland, WY 80858",Singapore
Connie Villa,550-568-1595x315,44,15-02-2002,"81910 Sullivan Ports Suite 950, Jorgefort, FL 79563",Fiji
Debbie Williams,-1804,49,26-01-1954,"0017 Mary Mill, Swansonfort, NC 52317",Zimbabwe
Jose Smith,573.663.5045x225,61,10-05-1946,"623 Nelson Bridge Apt. 941, South Justin, FL 96795",Niue
Amy Thompson,001-433-116-5716x105,31,22-04-1999,"348 Matthew Rapid, Ashleychester, AZ 05051",Greenland
Elizabeth Santos,-8881,24,29-06-1955,"69163 Jeff Viaduct, Sanchezmouth, OR 26198",Philippines
Madeline Downs,(250)635-2360,30,14-11-2002,"PSC 8507, Box 2506, APO AE 93051",Libyan Arab Jamahiriya
Karen Orr,035-135-9047x266,78,11-09-1977,"159 Patricia Port, Amandaburgh, NJ 95142",Congo
Tony Hayes,001-643-206-5990,30,07-01-1965,"Unit 3941 Box 3051, DPO AA 53622",Nepal
Paul Rosales,+1-138-876-1739x644,50,04-11-1965,"7791 Sanders Flats Suite 128, Maldonadoberg, TN 52567",Montserrat
Brian Woodward,001-477-669-3660x269,28,20-07-1959,"19889 Shirley Knolls Suite 485, North Alisonfurt, AL 41869",Sudan
Guy Ford,936.166.0846x98700,34,05-09-1950,"596 Gonzalez Throughway, Johnsonmouth, OR 77233",San Marino
Michael Gill,+1-512-236-9243x660,32,30-09-1982,"9667 Barrett Oval, New Lauren, NJ 42691",Montenegro
James Peters,001-108-900-7656,23,08-12-1949,"2861 Coleman Stream Apt. 016, Shirleyfurt, KY 45370",Nepal
Jonathon Snyder,962.263.3530,30,07-11-2002,"41826 Jeffrey Dam, Matthewside, CA 19293",Belgium
Jacqueline Lopez,037-766-2278x2514,60,20-02-1972,"4908 Katherine Forest Apt. 493, Gomezport, DE 76155",Kuwait
Christine Romero,748-821-0754,27,13-11-1950,"21288 Sandy Wells Apt. 612, New Elizabeth, NE 39917",South Africa
Claudia Wilson,(449)780-2262x26606,39,23-09-1972,"18082 James Pines, South Jeremyberg, VT 31623",Russian Federation
Tyler Gill,6643097572,33,18-08-1966,"083 Katrina Village, Feliciaborough, SC 42426",Singapore
Tracy Wright,001-447-024-3330x25400,80,28-07-1995,"3619 Robert Roads, East Sharon, NV 01953",Falkland Islands (Malvinas)
Mr. Thomas Newton,518-396-3044x15840,73,15-09-1963,"677 Nunez Islands Apt. 525, Cabreraside, CO 12547",Turks and Caicos Islands
Cassandra Pratt,1735767237,23,13-10-1981,"8072 Coleman Coves, Port Christopher, MO 69566",Hong Kong
Nicholas White,2420548002,32,25-08-1980,"503 Lambert Flat, Christinatown, ME 76748",Saint Kitts and Nevis
Karen Smith,230-719-6102x886,49,31-07-1997,"295 Green Hills Apt. 925, Markstad, NM 52941",Paraguay
Peter Sims,709.052.3799x661,46,28-12-1976,"PSC 5658, Box 8784, APO AP 97107",Azerbaijan
Kenneth Merritt,001-673-423-6440x5358,34,03-11-1967,"6718 Lisa Terrace, North Jason, MD 04461",Argentina
Shelby Mack,(324)902-1387,38,05-02-1952,"3443 Lee Manor Suite 914, West Aaron, OR 70590",Seychelles
Mr. Jacob Leach,841.681.2841x82327,51,06-06-1961,"Unit 1410 Box 4049, DPO AE 57561",Niger
Hunter Bryant,-1767,35,21-05-1948,"9619 Underwood Point, Jonesbury, VA 97369",Angola
Michael Daugherty,001-917-273-7712x36067,52,30-12-1979,"533 Tucker Junction Suite 803, Lake Jameshaven, CT 36396",Sierra Leone
Christopher Black,765-039-1985x0914,57,26-07-1989,"783 Washington Pike, East Kimberly, GA 88997",Benin
Kevin Bonilla,765142442,65,08-08-1948,"76248 William Port, Wheelershire, CO 82582",Georgia
Mason Turner,001-038-490-3395,44,28-10-2003,"892 Thomas Isle, Lake Dylan, PA 22317",Cyprus
Victoria Garner,(616)495-8059x1226,19,19-11-1980,"4460 Eric Flats Apt. 660, Marioshire, SC 18622",Bangladesh
Natasha Butler,(724)205-2113x6192,59,01-04-1978,"069 Seth Heights Suite 625, Murrayton, AL 69927",Armenia
Doris Koch,001-027-187-2506x35160,25,12-09-1947,"38390 Anna Gardens, West Vanessa, AR 52312",Saint Barthelemy
Karen Rodriguez,001-537-200-1773x9896,53,21-05-1975,"857 Leroy Dale Suite 909, Chavezport, NC 23387",Lithuania
Manuel Erickson,114.043.4482x1585,73,18-09-1952,"777 Andrew Vista Suite 219, Johnmouth, AZ 80666",Cyprus
Amanda Oliver,001-333-726-5262x73144,71,17-11-1966,"04214 Brian Bridge Suite 546, Jodyland, SD 21517",Uzbekistan
Paul Silva,084.612.4268,67,04-07-1950,"32565 Russo Junction, Rebeccaland, AL 64602",United Kingdom
Anthony Bright,986-200-6088x13612,33,23-04-1986,"37878 Maynard Pines, Millerville, LA 01438",Indonesia
Patrick Tate,159.448.0752x55758,77,15-02-1984,"USS Ferrell, FPO AE 78484",France
Scott Gould,537.708.9507x13536,20,02-08-1999,"751 Page Shore Apt. 866, East Tylerfurt, DE 49522",Jamaica
Bradley Griffin,001-826-305-0611,49,08-08-1991,"5434 Barber Summit Apt. 704, South Mark, NV 62248",Iceland
Larry Jones,457-812-2423,28,24-12-1958,"648 Timothy Station Suite 726, Jonesborough, FL 23891",Ecuador
Timothy Lynn,-10999,70,30-01-1974,"USNS Johnson, FPO AA 32838",Uzbekistan
Greg Mckinney,014.512.4696,76,18-08-1992,"68144 Bailey Avenue Apt. 992, Taylorberg, ME 92258",Vietnam
James Turner,982-445-6365x39766,21,16-08-1988,"6310 Mark Vista, Kendraton, DE 63841",Brazil
Heather Burton,(720)810-0769,50,17-07-1978,"Unit 8236 Box 1696, DPO AE 45819",Fiji
Donna Stewart,89897006,46,19-01-2000,"0951 Nicholas Station, North Valerie, NY 71830",Netherlands
Mikayla King,433.663.3571x7041,79,21-02-1998,"1972 Irwin Cliffs Apt. 566, Sawyertown, MN 65665",Indonesia
Patricia Nguyen,512-698-6895,29,30-11-1954,"610 Robert Extension, Wattsmouth, MD 70513",Morocco
Marcus Koch,366-812-1200,71,17-10-1954,"45939 Hoffman Passage Apt. 445, South Georgeside, AK 70913",Palau
Traci Smith,217.373.7715x719,32,18-09-1975,"PSC 6027, Box 4056, APO AP 64278",Cyprus
Daniel Jenkins,011-608-8220x47304,22,14-02-1978,"11876 Angela Lakes Apt. 121, Hawkinsland, AR 20002",Congo
Kimberly Le,001-863-694-6556,79,10-10-1968,"68952 Douglas Port, North Matthewport, NH 30494",Mozambique
Matthew Smith,516-160-6240,42,01-05-1951,"25022 James Pine Suite 729, East Johnchester, HI 98843",Bulgaria
Melanie Jones,445.152.6248x871,26,13-12-1959,"297 Susan Cliffs, South Christinafort, FL 85492",Nicaragua
Jacqueline Hill,3184618957,60,13-04-1994,"891 Martinez Camp, Port Antonio, CA 65241",Mexico
Tara Santos,542.218.4189,58,25-03-1997,"59607 Barron Brooks, Denisebury, MD 28971",Moldova
James Sherman,(817)610-7149x858,78,26-02-1956,"5369 Dana Harbor Suite 078, Williamton, MI 83122",El Salvador
Thomas Horton,+1-960-045-8730x75429,38,04-03-1980,"455 Merritt Alley Suite 883, Christophertown, AZ 06496",Guatemala
Nathan Hamilton,562-200-1954x808,74,06-04-1951,"74255 Terry Estate Suite 287, Lake Warrenton, MO 15203",Falkland Islands (Malvinas)
Tammy Watson,291.653.2641,60,10-11-1978,"USNV Manning, FPO AE 54791",Algeria
Michael Johnson,+1-075-900-0696x726,32,23-02-1967,"Unit 1789 Box 0014, DPO AA 39171",India
David Carrillo,2043133990,55,27-04-2003,"8180 Megan Neck, East James, VT 32564",New Caledonia
Patrick Weaver,369.322.7481x50120,73,30-05-1960,"4366 Roberts Tunnel Apt. 013, Lake Omarburgh, AZ 76093",Saint Martin
Brian Hamilton,+1-311-836-1769x6717,61,14-10-1948,"630 Charles Run Suite 521, East Tinaport, ND 82244",San Marino
Gregory Grimes,(663)824-9315x41970,50,01-07-1948,"693 Hall Stravenue, East Brettton, GA 91711",Philippines
Mary Peterson,001-119-416-1172x1847,20,22-04-1981,"1894 Lauren Views, New Benjaminton, CT 46905",Australia
Benjamin Garcia,236-029-0921,71,03-10-1992,"31941 Farmer Landing Suite 182, Lake Karenshire, PA 99356",Saint Lucia
Jesse Jones,001-770-503-5806x33717,40,13-01-1981,"586 Serrano Mills Apt. 838, South Thomas, CA 91886",Seychelles
Erika Roman,367.454.3004,30,22-02-1987,"3451 Gonzalez Course, Williambury, ID 16698",Lebanon
Joshua Shaw,001-363-371-3401x453,36,19-06-1958,"19012 Jacob Rapids, East Jenniferfort, NY 45030",United States Minor Outlying Islands
Christine Cardenas,(727)103-9761x5896,36,05-05-1948,"367 Parker Glen Apt. 179, North Donnastad, WA 75369",Ethiopia
Kevin Zhang,534.519.5227,32,09-09-1970,"3724 Benjamin Club Apt. 205, Gravesbury, CO 78057",United States Virgin Islands
Michelle Watkins,+1-451-185-1892x247,66,29-12-1975,"71145 Michelle Mission, Patriciaside, NY 80553",Comoros
Chelsea Young,(453)347-0396,27,23-11-2005,"600 Keith Locks Suite 397, Laurenville, ID 36590",Yemen
Ricardo Thompson,950-519-1457x3309,61,30-12-1989,"92209 Griffin Fort, West Michaelbury, MS 31887",Ethiopia
Aaron Anderson,(396)341-9327,19,01-01-1979,"006 Bryan Highway, Conleyfort, GA 15250",Korea
David Howard,001-787-641-3506x83660,19,31-01-2006,"9788 Chambers Island, New Laura, AZ 47775",India
Kelsey Jackson,028.021.9536x9003,74,02-10-1977,"331 Tamara Shoals, Lake Christian, CO 92776",Belarus
Tiffany Castro,472-069-5203x27360,26,07-06-2004,"18675 Jorge Keys Apt. 753, Lake Katherine, ID 36858",Finland
Joseph Silva,-10857,24,20-07-1963,"71375 Tracy Lane Suite 037, West Melissa, IN 78274",Mexico
Brittany Doyle,001-727-077-7781x373,43,04-04-1971,"51121 Navarro Skyway Suite 802, East Marystad, HI 77774",Finland
Christina Sims,182.370.3295x022,36,01-03-1979,"52962 Taylor Roads Apt. 566, North Tanya, MI 13966",Singapore
Alexis West,872.618.9207,69,11-05-1997,"33341 Wheeler Fort Suite 401, Sheilafort, UT 99742",United States Minor Outlying Islands
Justin Mcdonald,(384)236-6042x211,79,28-08-1948,"796 Cindy Shores Apt. 042, Russellshire, CT 72157",San Marino
Jenny Nichols,462-872-9391,25,09-08-1990,"198 Dillon Lodge Suite 578, East Omar, PA 27356",Saint Vincent and the Grenadines
Jessica Martin,-5074,37,22-03-1980,"91030 Hooper Mews Apt. 174, Kellyville, WV 04025",Bahamas
Carla Reeves,(948)563-0696,56,07-02-1961,"5019 Gray Union, Williamchester, MN 97418",Netherlands Antilles
Douglas Kaiser,-2259,65,04-07-1998,"739 Little Oval, Reneehaven, KY 65550",United States Virgin Islands
Melissa Johnson,(168)716-3771x0784,41,13-05-2002,"4364 Delgado Road Apt. 701, Port David, CA 35121",Bahamas
Wendy Hendricks,(541)931-5265x5350,71,04-01-1996,"1022 Tina Course Apt. 868, West Heidi, SC 27667",Grenada
Stacie Baker,385.293.7465x04664,36,12-11-1960,"9501 Lara Cliffs Suite 410, Michaelview, IL 80876",Anguilla
Donald Ross,606.673.5474x0696,38,17-11-1969,"3640 Hannah Springs Suite 745, West Heidiburgh, NC 73873",Saudi Arabia
Thomas Howard,4220642176,63,07-11-1965,"954 Terry Creek Suite 462, South John, NC 97071",Guatemala
Julie Morris,(531)096-1517x6951,40,29-07-1987,"9278 Murphy Plaza, Port Marcberg, AL 65307",Mali
Cristina Cabrera PhD,582.007.3637x779,30,23-01-1996,"40077 Sanchez Lake, Lake Chadtown, OK 06920",Uruguay
David Morales,9308064605,58,06-02-1978,"143 Mary Summit, Lake Amybury, NJ 58739",Vietnam
Jodi Maynard,(643)866-9398,32,26-06-1957,"137 Nelson Glens, Hammondland, WY 03191",Gambia
Teresa Nguyen,650.978.3444x92307,77,26-10-1993,"30106 Evans Neck Suite 650, Stevenside, ND 29584",Saint Vincent and the Grenadines
Emily Carr,(998)960-6347,60,15-11-2000,"9141 Kyle Port, Luismouth, AK 77361",Guadeloupe
Jeremy Beck,214.334.0472x20365,47,02-05-1981,"8922 Doyle Run Apt. 734, Chaneymouth, MT 15701",Burundi
Angela Erickson,157.339.1140x002,44,24-09-1976,"593 Webb Center, Danielberg, NC 01333",Seychelles
Tara Butler,(891)327-3984x43723,64,11-10-1986,"645 Lee Lodge Apt. 343, Petersport, MD 44479",Puerto Rico
Ashley Olson,703.842.2732x1550,22,10-09-1953,"070 Kristin Bridge Apt. 427, Mcclureland, AK 38688",United Kingdom
Rachel Pierce,747-644-4897,61,21-08-1945,"83285 Snyder Road Suite 301, Foxhaven, VT 44308",American Samoa
Scott Perkins,-9139,20,09-05-1999,"4022 Kayla Loop Apt. 851, Jonesmouth, MN 57152",Uruguay
Hailey Myers,(427)022-6052x60726,63,15-12-2002,"PSC 3892, Box 9561, APO AP 62354",Haiti
Mary Mathis,001-856-133-4918,61,12-01-1958,"442 Scott Mountain Apt. 605, North Brittany, IL 36895",Namibia
David Carr,(454)202-8915,32,30-12-2004,"75277 Christopher Club Apt. 998, Cannonchester, UT 17478",Botswana
Thomas Smith,(092)976-5819x04674,21,04-03-1988,"2292 Ronald Lane Suite 241, Cabrerabury, MO 10887",Venezuela
Mark Valencia,173.912.2725x195,68,17-05-1994,"71855 White Tunnel, Crawfordton, NY 57904",Brunei Darussalam
Emily Camacho,548-505-8693x564,39,24-09-1963,"262 Hobbs Hills, West Nicoleborough, IN 71276",Indonesia
Alan Anderson,+1-461-925-5433x659,18,24-07-1978,"906 Wade Wells Suite 327, Lake Andrewberg, MS 64499",Portugal
Karl Mccarthy,(642)223-3059,24,20-06-1959,"00596 Taylor Road Apt. 658, Singhburgh, LA 05995",Montserrat
Ronald Mcmillan,(198)337-7166x14018,66,07-02-1974,"3082 Courtney Brooks Apt. 912, Port Lynn, ME 98014",Canada
Randall Bowers,267-998-4616x506,47,31-12-2005,"25040 Cummings Cliff Apt. 566, Gonzaleschester, WY 85469",Netherlands
Bryce Price,-6043,78,21-06-2002,"59844 Brewer Burg Apt. 830, Cohenborough, MS 28893",Moldova
Brenda Patel,(481)013-7248x06754,47,27-10-1989,"3250 Amy Haven Apt. 124, New Dylanstad, MN 24773",American Samoa
Andre Reyes,(788)368-5958x0106,79,10-02-1987,"849 Lynn Land, Lake Sharon, NE 07427",Saint Martin
Derek Krause,204-291-9467x218,26,07-06-1971,"977 Morgan Union Apt. 689, West Marc, MS 65072",Chad
John Estrada,161-702-5169x9107,79,03-02-2001,"88480 Emily Field, South Jenniferland, OH 11828",Barbados
Thomas Escobar MD,001-863-563-5125,42,15-12-1955,"4539 Perez Drives Suite 879, South Madison, AR 09727",Faroe Islands
David Wallace,+1-052-974-8900x9925,21,06-03-1956,"1727 Patricia Route Suite 297, Cynthiamouth, GA 99544",Poland
Michael Paul,(068)188-3566x30768,71,06-01-1996,"1664 Murphy Squares Apt. 772, Makaylaland, MI 76746",Lao People's Democratic Republic
Rachael Mckee,-2709,45,05-12-1995,"89523 Heather Mountain, Dannyfurt, MS 91554",Ireland
Kendra Hansen,604.945.0075x62923,49,13-02-1980,"856 Escobar Burg, East Aprilbury, MT 93548",Equatorial Guinea
James Schmitt,-5412,27,21-07-1973,"27846 Elliott Glens Suite 870, Millerview, NE 69851",Finland
Bill Gomez,001-228-691-6369x746,19,02-08-1984,"002 Luke Grove, Khanborough, UT 19742",Ecuador
Erica Mccullough,951.091.2173,32,21-07-1992,"311 Howard Fork, Angelaton, ME 12686",Comoros
Gina Olsen,634-853-9891,68,10-06-1977,"47610 Williams Expressway Apt. 429, Kelliburgh, MO 40282",Comoros
Samuel Shaw,736-902-7187x5842,64,19-06-1980,"5073 Young Causeway, Whiteborough, NC 10626",Martinique
Daniel Arnold,+1-743-704-2388x6420,30,21-07-1962,"Unit 1946 Box 7184, DPO AE 07654",Guinea-Bissau
Stacey Lopez,922-525-4394,79,16-10-1986,"88710 Long Mountains, Anthonyberg, OH 82474",San Marino
Amber Smith,902.578.8415x6186,33,02-11-1972,"79672 Nicole Harbor Apt. 424, East Thomas, NM 17836",Italy
Terry Gray,201-421-2281x01960,34,27-03-2005,"29823 Coleman Mountains Suite 415, Bartonshire, LA 64380",United States of America
Johnathan Alexander,-5389,31,24-09-2002,"PSC 2468, Box 4006, APO AE 23003",Monaco
James Reid,001-302-159-0642x82518,59,15-06-1962,"8909 Allison Station, Port Tyler, NY 38187",Brazil
April Smith,690.176.2193,41,11-10-1966,"9733 Jesse Hills Apt. 725, South Scott, SD 64584",Croatia
Kyle House,(713)798-2009,18,01-01-1967,"611 Steve Hills, Lake Soniabury, DC 06525",Cote d'Ivoire
Erik Lewis,001-203-278-5488x68147,27,15-06-1980,"USNS Garcia, FPO AA 51922",Uganda
Alicia Moreno,001-145-970-8100x6451,32,06-06-1974,"59060 Harris Knolls Suite 469, North Diana, WY 38375",Tokelau
Matthew Warner,841-221-7533,20,06-09-1948,"67310 Gardner Oval, Brendastad, KS 47457",Bouvet Island (Bouvetoya)
Joseph Garcia,118-912-6410,42,20-11-1949,"136 Adams Avenue Apt. 560, Ashleyfort, SC 11669",Cambodia
Christie Robinson,(700)975-2272x831,18,17-11-1979,"50776 Cox Extensions Apt. 092, South Carolshire, ME 40530",Turkmenistan
Jerry Rodriguez,339.629.2558x1796,20,23-02-1988,"734 Laura Oval, East Jameshaven, NC 15680",Sierra Leone
Jamie Morrow,(512)683-2709x116,70,25-02-1949,"822 Clayton Rapids, Lake Laura, LA 22203",Seychelles
Leslie Herrera,533-919-7635x4344,61,19-04-2006,"PSC 4406, Box 4988, APO AE 16899",Mayotte
Monica Rasmussen,884.137.5838x60518,46,24-01-1963,"043 Mcdaniel Villages Apt. 092, Lake Sarah, ND 23637",Barbados
Autumn Hall,373-515-2575,68,25-08-1998,"16765 Anthony Heights, Millerfort, HI 97287",Tajikistan
Andrew Reeves,+1-779-213-4532x887,69,13-06-1971,"USNV Blackwell, FPO AP 59885",Central African Republic
Joy Hall,001-354-373-9096x185,65,08-06-2006,"0972 Michelle Curve, Toddport, TX 24194",Nicaragua
Trevor Williams,407-108-0293x7678,75,14-04-2001,"728 Ronald Brook Suite 031, West Danieltown, WA 72684",Switzerland
Chelsea Yates,+1-107-694-8174x95260,50,03-10-1946,"777 James Ways, Bradleyborough, OH 05111",Belarus
Lauren Dickerson,011-684-5239,48,21-04-1957,"448 Vargas Harbor Suite 010, Port Josephmouth, IN 06985",Slovakia (Slovak Republic)
Lori Hamilton,(764)304-3166,60,20-02-1978,"28942 Amanda Gateway Apt. 714, Brianchester, TN 77755",Turks and Caicos Islands
Sherri Hunter,270.509.8648,43,03-12-1946,"564 Johnston Squares, West Michelle, GA 98461",Tajikistan
Deborah Taylor,001-830-943-9282x10730,71,02-06-1968,"381 Joseph Views Apt. 843, Erinmouth, DC 16187",Cameroon
Erin Baker,(467)651-9911,32,03-02-2003,"84394 Franco Turnpike, Sarahhaven, UT 15487",Morocco
Nicholas Turner,(729)816-5430x2500,61,16-06-1982,"7848 Jacob Forks Suite 433, Courtneyville, VA 15097",Iran
Amanda Shah,6947988723,40,27-06-1983,"4756 Solis Pike, West Mariahaven, TN 40077",Montserrat
Keith Ho,881-518-6582,18,21-07-1985,"211 Grant Knolls Apt. 142, Wendyburgh, NJ 39773",Angola
Mary Potter,+1-392-510-7295x3639,58,18-08-1983,"20566 Gomez Parkways, Pottsside, SD 74189",Australia
Dylan Greene,24944685,60,14-08-1985,"072 Alexander Circles, Port Alexander, IL 89556",Mali
Austin Bass,664-364-9386,65,25-02-1996,"792 Emily Greens Suite 860, Glassland, MN 89609",French Polynesia
Andrew Anderson,+1-361-833-0501x3557,24,26-04-1974,"83377 Jennifer Walk, Hendersontown, NY 61090",Slovenia
Scott Harris,023.542.3226x74462,69,13-08-1950,"8688 Anita Points Apt. 661, Nealstad, TN 68081",Heard Island and McDonald Islands
John Lee,193.070.4981x787,45,21-07-1977,"562 Francis Row, New Calvin, WV 79844",Panama
Jane Knapp,3918395436,75,12-10-1984,"639 Jennifer Manor Apt. 901, Jamesshire, OK 49826",Saudi Arabia
Ashley Webb,857-874-3621x5307,69,29-09-1996,"836 Wilson Village, South Scott, SC 48693",Palau
Andrew Stewart,001-262-299-5750,79,08-10-1999,"76003 Michael Views, West Paulbury, MD 28529",Belgium
Ronald Wilson,(931)057-5894x3570,63,17-07-2002,"28864 Johnny Track, Robinside, NV 11020",Western Sahara
Karen Rice,181703694,40,31-05-1959,"Unit 8015 Box 5789, DPO AP 11269",Seychelles
Brian Smith,001-946-478-2373x8172,59,11-03-1987,"5725 Smith Cove Suite 097, Lake Jorge, CT 24478",Saint Pierre and Miquelon
Megan Cuevas,862-014-0411x44041,51,10-07-1977,"33134 Wood Shores Apt. 465, Chelseaport, WY 01198",Northern Mariana Islands
Shaun Moore,532-717-1246x67095,54,24-03-1963,"04472 Williams Village Suite 862, Davidfort, CO 13827",Poland
Victoria Mclaughlin,(999)308-0624,80,01-06-1974,"0244 Rebecca Square, Rachelville, MT 70343",French Guiana
Sharon Douglas,6477344193,77,21-08-1959,"298 Susan Trail Apt. 937, Thompsonberg, AK 00959",Solomon Islands
Vincent Mitchell,001-730-307-4501x454,29,26-10-1983,"18408 Martinez Meadow Suite 756, North Henryside, NV 33002",United States Minor Outlying Islands
William Davis,001-404-833-0199,58,20-03-1968,"62913 Green Shore, Catherineshire, SD 50438",Faroe Islands
Jay Lopez,-3864,56,17-05-1988,"5092 Stacy Mall Apt. 526, Mooreland, NV 29691",Marshall Islands
Cory Wilcox,695-535-1576x9462,72,30-09-1968,"322 Terri Port, North Patrickside, MS 72780",Slovakia (Slovak Republic)
Brian Chase,288.502.1610x5517,40,30-01-1954,"77263 Michael Fields Apt. 990, South Chloehaven, CT 46337",Saint Lucia
Amanda Lee,5201282960,34,15-05-2003,"7941 Byrd Parkway Suite 374, South Jill, DC 66794",Korea
Adam Schwartz,007.655.3209x14281,51,16-12-1960,"89786 Brandi Spring Suite 644, New Katieburgh, AR 28381",Tuvalu
Claudia Dickson,010.641.7146,78,27-09-1972,"0044 Brandon Greens Apt. 040, South Eric, HI 09400",Christmas Island
Louis Jackson,301-095-5955x441,69,23-12-1975,"Unit 4771 Box 3438, DPO AA 98987",Greece
Darrell Henry,120-106-6728x5171,69,05-09-1994,"8759 Matthew Forge, Harveybury, WY 57159",United States of America
Dorothy Ross,+1-295-624-4981x84569,56,04-06-1991,"7145 Byrd Causeway, Alvarezshire, IA 79773",Namibia
Sarah Murray,9404088115,66,07-04-1970,"119 Nelson Station Suite 903, West Luis, OK 48218",Northern Mariana Islands
Nicholas Ball,(090)630-7400x827,28,01-02-1969,"01229 Kayla Rue Apt. 759, Fieldschester, OK 13608",Northern Mariana Islands
Andrew Williams,001-941-137-2498x088,61,04-05-1961,"323 William Streets Suite 501, Port Jessicaborough, MD 85672",Jamaica
Monica Moore,(486)572-2974x70739,80,06-10-1952,"1962 Angela View Suite 756, West Jacobberg, LA 24651",Saint Martin
Nancy Mckenzie,(702)084-0012x16905,74,20-09-2001,"64588 Barber Islands, Sandraborough, CO 57214",French Southern Territories
Mckenzie Sampson,(235)322-7086x86773,47,28-09-1972,"52228 Candice Way, New Brandonview, IN 46110",Chile
Stacey Williams,001-811-567-2708x9499,68,02-08-1968,"08496 Michael Manors, Christopherborough, ID 05043",Japan
Stephen Allen,(511)295-3806x948,69,24-02-1988,"7158 Mccarthy Lake, South Elainefort, DC 75150",Burundi
Brian Turner,+1-001-167-9612x227,21,30-03-1998,"086 Turner Squares, Brownville, NJ 59082",Czech Republic
Ryan Tran,001-164-075-1701x5919,58,20-04-1944,"9963 William Brooks, East Brenda, DE 31491",Belize
Mark Williams,365.205.4118x227,41,09-05-1988,"361 Briana Walk, Lake Williamview, MT 70865",Martinique
Madison Randall,993.739.0251,37,28-02-1988,"148 Carrie Port Suite 580, Lawsonshire, AK 39144",Philippines
Brenda Mcintosh,001-446-710-1397,41,10-11-1962,"30902 Wilson Orchard Apt. 121, New James, OK 90416",Indonesia
Paige Adams,(750)247-8171x151,60,11-02-1998,"17335 Emily Plains Suite 128, Lake Carolberg, NM 21836",Lao People's Democratic Republic
Lauren Brown,522.207.8991x0609,39,30-09-1977,"USNV May, FPO AA 12625",British Virgin Islands
David Davies,792-857-7252x0822,42,18-11-1985,"PSC 1309, Box 4707, APO AE 46360",Ukraine
Amanda Robertson,(883)135-1278,59,31-10-2006,"509 Mark Park Suite 034, Fordhaven, GA 21338",Mongolia
Shelly Watkins,004.383.5668,69,01-05-1963,"34056 White Prairie Suite 012, Hardingbury, WA 89522",Sweden
David Smith,092-167-3785x87818,54,20-01-1947,"721 Renee Oval, Youngburgh, LA 89767",United States Minor Outlying Islands
Mary Thompson,035-510-5184x49909,74,21-12-1972,"46429 Phillips Coves, Smithfort, AR 30847",Bahrain
Mark Flynn,+1-299-274-3030x40860,53,01-01-1970,"090 Timothy Roads Apt. 337, Lake Shannonberg, HI 43063",Iran
Kelly Williams,521.118.2644,50,01-04-2006,"96777 Logan Flats Suite 506, West Eric, SD 92659",Guyana
Jordan Robertson,331-626-9996x658,22,09-11-2004,"73931 Bradley Common Apt. 614, Edwinfurt, WV 95563",Isle of Man
Katherine Allison,902.904.5992x7797,23,04-08-2003,"734 Laura Extensions Apt. 588, North Christine, AL 78720",Cote d'Ivoire
Robert Hawkins,-5835,78,04-01-2007,"04117 Miller Creek, Lake Andrew, CO 10441",Nigeria
Craig Nguyen,654.695.6060,24,29-05-2002,"662 Nicole View, South Mark, SC 78275",Macao
Stephanie Houston,(585)968-6450x086,69,30-06-1975,"34264 Villanueva Shores Suite 275, Ramirezview, OK 83374",Nepal
Melissa Hunter,+1-307-768-7474x229,54,27-04-2001,"536 Kathleen Lake, Lake Michaelbury, ID 71092",Antarctica (the territory South of 60 deg S)
Kimberly Roman,9888768094,76,12-12-1967,"016 Antonio Crossroad Suite 695, Amberport, SC 50058",Guatemala
Brandy Castillo,719.053.7755x884,60,01-09-1960,"67121 Johnson Pike Apt. 023, South Carrie, AL 21298",Guadeloupe
